user_id,mountain_id,rating
284,13,2
33,11,5
167,8,1
623,5,5
378,10,1
204,12,4
929,10,2
741,3,5
846,6,2
542,5,1
374,12,4
301,8,2
47,5,1
989,3,2
545,15,3
359,9,3
46,11,5
727,12,3
147,7,2
193,13,5
898,1,2
398,12,2
41,5,2
636,15,2
835,14,3
343,6,4
575,14,1
629,6,1
951,7,5
155,1,3
557,6,2
741,13,2
431,4,3
161,8,4
519,3,2
593,15,1
503,16,4
395,8,5
643,3,1
582,16,1
484,13,2
375,16,1
217,8,4
463,1,4
474,7,4
814,11,1
723,11,1
175,4,3
430,8,2
61,6,5
177,16,1
551,10,1
417,14,5
341,14,3
765,2,2
932,2,1
353,4,1
464,3,2
177,8,5
756,14,3
90,11,1
468,2,1
643,2,5
89,8,2
767,15,1
890,14,3
451,12,5
334,8,1
158,6,2
106,17,4
378,10,2
516,17,5
471,12,4
49,17,1
923,1,2
992,17,2
326,1,3
661,2,1
62,10,3
948,2,3
812,6,3
975,15,2
243,9,4
17,16,2
191,14,5
56,16,2
505,7,4
278,12,4
579,16,4
853,11,4
373,11,5
438,10,3
94,17,1
221,1,1
993,16,3
297,11,2
190,1,3
436,3,5
453,11,2
667,5,2
297,15,2
71,3,2
621,7,5
290,8,2
504,7,4
538,15,1
840,4,1
168,10,3
545,5,2
528,11,4
753,2,4
736,6,5
260,2,5
734,4,2
14,10,3
324,2,4
569,16,5
500,5,5
525,4,5
553,8,1
732,8,5
828,17,3
1000,11,1
320,17,3
610,1,3
417,3,3
912,4,4
177,9,1
929,1,4
933,16,3
204,8,5
239,7,1
271,14,3
957,8,3
835,17,2
914,4,3
991,1,4
503,3,5
227,1,4
10,14,2
564,8,5
955,15,4
391,2,4
649,11,5
301,14,5
621,3,5
408,14,2
296,5,1
625,6,4
287,11,2
738,17,5
748,17,1
760,12,3
484,7,5
872,17,3
349,1,1
548,9,1
348,15,3
799,14,1
309,16,5
358,14,1
929,14,2
46,6,4
847,14,4
297,5,2
736,11,1
963,16,5
395,10,1
666,16,2
307,3,3
979,17,1
265,11,5
779,13,3
489,13,4
577,8,1
621,4,1
912,5,3
823,2,5
455,7,3
282,8,3
623,8,5
418,6,2
832,1,2
558,4,3
650,3,5
754,10,1
931,16,1
499,6,1
743,2,1
103,15,1
839,5,2
769,9,5
894,14,3
366,13,5
623,8,3
574,17,4
693,11,1
777,17,5
274,13,4
823,5,3
446,2,4
869,3,1
732,16,3
566,14,4
873,7,4
284,9,5
708,10,5
670,8,5
29,16,2
189,9,1
73,9,3
794,7,1
191,5,5
20,4,4
213,6,5
320,17,4
144,6,1
966,5,2
879,14,2
206,1,4
759,17,4
9,16,1
141,5,4
994,12,5
417,14,2
799,4,5
55,10,2
720,11,5
103,11,1
759,7,1
974,12,3
633,1,3
128,17,1
353,5,3
505,7,4
601,17,5
719,2,5
19,5,3
348,7,4
370,15,2
844,2,1
998,10,1
350,15,3
370,3,2
812,8,5
451,12,2
771,4,2
397,5,2
747,3,4
950,7,3
34,17,2
93,4,1
466,17,2
318,15,1
411,14,4
584,2,4
700,17,1
971,9,3
387,15,4
179,16,2
434,4,4
650,13,2
340,8,5
747,10,2
559,14,1
317,8,4
535,11,5
386,5,4
760,1,1
576,17,3
551,2,4
634,8,5
80,10,2
47,17,5
796,12,2
22,13,2
498,2,1
451,3,3
478,17,5
662,8,4
746,3,2
194,14,5
503,6,3
124,8,3
140,6,1
818,8,5
717,9,3
936,12,5
518,8,4
930,17,5
20,1,2
58,5,1
114,16,5
735,5,3
806,5,5
280,4,3
982,8,3
796,5,2
460,4,3
979,13,5
839,9,2
11,16,1
918,17,4
335,1,1
120,15,1
366,3,3
640,17,3
102,10,2
5,9,4
441,1,2
571,13,3
798,4,4
92,11,2
323,9,2
900,1,4
668,15,3
182,12,2
183,11,3
631,15,2
951,17,5
814,14,3
593,6,1
395,7,5
712,9,4
679,10,2
623,13,2
44,4,2
2,4,5
46,14,3
826,17,5
56,1,4
825,16,5
90,3,2
957,14,1
660,4,4
342,8,4
761,17,1
251,12,3
622,2,2
709,11,2
510,12,2
765,1,2
109,9,4
938,12,2
276,2,2
423,14,4
514,16,1
637,16,2
378,4,2
391,14,4
245,15,5
62,11,5
325,11,1
646,17,3
152,14,1
247,15,5
722,8,2
738,4,3
380,6,2
845,8,4
614,11,1
431,1,5
674,17,3
563,10,2
821,8,3
626,7,2
736,7,2
445,8,2
643,11,5
452,13,5
961,13,3
467,4,1
634,4,5
887,3,1
688,11,3
315,16,2
561,10,5
48,17,1
390,13,2
404,11,4
806,5,4
299,15,4
318,15,2
60,8,1
797,7,1
970,3,5
66,14,5
848,8,2
655,5,3
730,7,3
962,3,4
303,6,1
704,17,3
560,5,4
463,4,3
840,9,2
790,14,2
996,11,5
927,3,4
849,16,4
783,9,2
136,6,1
140,1,1
799,10,4
375,15,5
590,10,4
2,12,4
506,12,5
943,12,2
356,12,3
512,15,2
296,6,1
851,1,5
389,13,1
18,14,4
491,13,3
424,7,3
390,6,2
686,7,5
357,6,3
295,12,2
968,4,5
396,17,2
672,15,3
959,8,4
18,9,2
466,12,4
292,10,5
743,17,3
782,1,3
651,17,3
202,7,5
980,10,2
911,15,5
940,12,5
137,12,4
93,4,2
980,4,1
401,16,3
797,11,5
234,16,3
975,7,1
690,8,1
243,2,5
856,17,5
844,1,5
679,17,4
237,3,5
731,6,5
797,9,2
611,14,5
390,16,1
853,1,2
611,8,3
218,15,3
570,7,3
591,7,2
320,8,5
644,11,5
512,5,1
146,4,4
786,16,4
616,16,2
331,1,3
804,5,2
646,10,3
724,6,3
697,3,2
590,14,5
3,14,4
214,6,3
431,10,5
68,9,1
854,12,5
89,6,5
287,17,5
998,17,2
774,14,1
490,6,3
275,12,3
776,1,5
787,7,4
323,2,4
591,17,2
539,8,3
117,9,4
917,13,3
505,16,2
328,16,1
229,8,5
938,4,4
813,6,4
509,6,1
230,9,5
509,7,1
252,13,3
596,6,4
376,16,4
896,9,4
720,15,5
900,15,2
142,14,3
534,8,4
832,15,2
300,2,3
900,15,5
363,5,4
246,2,1
816,4,2
408,7,3
104,16,1
846,5,3
657,12,2
191,1,3
385,10,2
855,13,5
699,9,5
888,17,2
457,15,1
576,15,2
596,4,1
318,10,5
996,3,3
942,12,2
248,13,3
178,12,5
243,13,5
194,7,3
121,15,5
771,12,1
579,1,1
904,4,2
824,16,4
399,2,5
673,14,1
564,17,1
536,10,1
812,2,4
675,9,2
82,9,3
946,10,1
575,12,2
723,1,5
12,5,3
243,8,1
23,13,2
373,15,5
996,2,2
472,15,2
96,15,4
959,1,3
518,9,4
354,13,2
850,2,5
651,15,4
760,16,4
449,11,1
599,2,1
535,12,3
517,15,1
809,13,3
47,5,5
349,7,1
331,11,3
964,13,4
936,15,3
206,14,2
323,9,3
302,3,2
585,11,5
21,4,3
203,10,5
300,5,1
560,3,1
943,3,4
679,13,4
324,7,5
985,2,1
81,17,2
672,14,2
278,12,1
667,3,3
219,16,2
399,5,1
400,8,1
864,11,2
583,3,5
61,8,2
343,10,1
962,1,4
768,9,5
173,10,1
903,14,1
798,6,3
312,2,5
301,11,3
574,4,3
210,7,1
277,11,2
171,13,4
215,6,1
801,3,2
646,2,5
615,7,1
157,4,1
835,6,1
781,17,4
669,6,4
484,13,2
160,1,4
943,8,4
274,17,5
723,4,1
651,1,2
37,12,5
541,15,3
686,6,5
497,14,3
698,9,4
454,14,5
561,13,1
889,9,3
432,13,2
110,11,1
657,1,3
556,7,5
24,14,2
46,7,1
784,14,5
632,14,3
163,5,4
466,10,4
466,12,3
242,11,2
193,1,2
306,14,4
905,17,2
857,7,4
44,12,1
597,6,3
944,3,2
754,17,1
140,6,1
384,6,5
16,10,3
70,1,1
795,13,5
689,1,5
611,3,5
284,3,3
405,1,1
306,9,4
231,11,4
880,4,1
810,17,2
238,10,2
56,17,1
780,10,4
256,17,5
977,9,4
207,10,4
836,7,3
358,4,2
630,7,2
191,15,2
503,4,5
963,4,2
513,8,3
970,14,4
488,17,4
369,6,1
160,13,2
548,5,3
507,6,4
715,10,4
771,10,2
622,4,4
589,6,4
683,12,3
345,12,5
167,12,3
846,14,4
891,7,4
511,6,5
797,6,4
833,17,3
54,15,2
74,16,3
433,10,4
620,16,5
413,12,2
44,3,2
674,2,2
530,2,2
968,10,3
615,6,4
284,3,3
146,6,1
168,2,3
548,9,2
440,14,2
176,1,3
968,15,1
14,15,4
18,9,2
862,14,1
460,16,1
96,7,1
8,11,4
309,10,2
808,10,5
307,16,1
716,1,4
415,7,4
624,1,1
219,13,3
557,12,3
829,13,5
4,4,3
252,8,1
983,5,3
99,9,5
145,10,4
322,5,2
460,6,4
897,10,4
553,12,2
325,7,4
739,7,5
984,10,2
541,12,1
897,13,5
475,8,3
72,12,2
998,10,2
34,8,5
808,9,2
440,3,5
773,2,5
973,2,1
439,13,5
583,8,3
686,10,5
841,12,1
757,13,4
923,9,4
163,2,5
912,11,3
215,17,5
47,7,3
995,12,4
712,8,1
609,1,4
458,17,2
444,9,4
669,4,4
817,4,1
275,5,3
8,7,2
72,17,3
374,10,4
552,15,3
145,2,5
166,11,1
386,14,4
938,14,4
848,14,1
671,3,1
276,8,1
2,3,2
875,17,2
612,7,4
734,1,2
240,12,2
125,10,3
574,13,5
958,11,5
331,17,4
831,2,4
498,9,2
217,6,4
946,8,4
497,10,2
255,4,2
32,13,1
912,8,2
530,1,3
598,2,5
177,4,1
128,10,3
860,2,2
977,1,1
975,12,1
360,5,1
355,1,3
280,2,1
491,2,2
23,4,5
354,15,1
821,11,4
604,10,5
250,4,5
586,2,2
429,5,3
597,8,3
536,3,5
413,8,3
178,17,4
667,8,5
617,17,3
714,10,3
129,14,4
697,13,3
228,15,1
943,16,3
251,15,3
1,13,1
10,4,1
515,14,3
985,8,1
695,17,3
427,14,1
229,1,1
203,11,1
143,12,1
865,10,5
492,15,1
660,15,4
226,9,4
974,3,4
931,13,3
679,13,3
910,5,3
183,9,1
837,5,5
115,6,3
284,16,2
720,2,2
717,11,1
751,12,1
428,9,5
907,12,2
782,6,5
197,5,5
791,15,4
525,12,4
791,8,2
77,3,1
654,1,3
196,14,2
647,12,2
196,6,4
576,16,2
642,4,3
579,6,5
739,9,1
384,10,3
627,15,5
198,9,1
208,9,3
90,14,5
158,6,3
628,14,4
755,17,3
147,7,3
655,7,4
579,8,5
376,12,2
417,7,1
630,4,4
142,6,5
303,1,4
148,15,3
302,2,4
674,9,4
167,12,1
332,14,3
355,1,4
124,1,3
247,2,4
951,1,4
504,12,5
78,8,3
788,8,3
691,15,3
284,5,2
340,16,3
278,16,1
313,6,2
957,8,1
306,6,1
154,14,5
712,2,3
660,12,5
165,1,2
935,14,5
336,16,1
352,15,3
580,12,3
556,13,1
831,1,4
775,11,1
400,11,4
832,5,1
781,14,4
459,2,4
237,7,4
595,3,3
87,10,2
886,11,1
362,3,1
491,11,1
130,11,2
287,14,1
616,2,1
518,2,1
505,13,5
48,9,5
636,12,2
769,6,4
201,8,4
938,7,4
226,16,4
946,15,4
817,10,4
867,16,1
178,9,3
724,16,3
887,1,1
902,6,4
538,5,3
890,14,4
126,2,1
259,8,3
472,12,5
403,9,2
815,11,1
814,2,2
356,7,1
450,1,5
244,7,5
600,4,2
737,2,2
949,13,2
791,2,2
446,8,3
996,2,3
112,4,3
768,6,1
513,1,5
734,8,1
748,11,3
820,12,5
970,11,2
227,9,1
762,12,2
967,13,2
586,12,3
464,10,5
325,15,3
638,5,1
862,8,1
306,5,5
150,8,4
996,15,4
522,13,2
613,6,3
174,7,1
257,13,5
634,7,2
130,17,3
318,12,1
650,14,4
887,11,5
529,15,5
62,4,3
209,1,2
256,11,4
587,7,3
989,9,4
446,2,2
892,4,1
787,8,3
812,1,5
533,7,4
151,8,5
673,16,3
626,5,4
692,14,5
325,17,5
189,4,5
792,6,3
318,14,4
472,2,2
1,17,4
608,9,2
349,2,2
141,2,5
545,15,4
921,8,5
427,12,2
17,10,4
30,3,3
714,2,1
592,3,1
128,5,4
760,7,2
383,7,5
339,9,1
281,5,3
268,2,3
548,13,5
162,2,5
928,4,4
599,4,3
618,5,4
361,2,2
634,6,4
782,5,4
956,14,2
207,14,4
242,6,5
412,10,5
162,12,4
445,3,5
706,7,5
600,2,5
588,16,3
821,6,3
43,1,5
301,6,2
687,14,4
370,11,5
628,1,5
561,12,5
576,7,4
932,3,2
62,3,4
743,8,5
998,2,1
746,17,3
497,17,1
433,14,4
713,14,3
682,7,2
33,6,1
172,3,3
839,5,1
77,15,5
195,4,5
939,8,4
173,15,1
96,7,2
939,8,4
140,8,2
575,1,4
350,14,5
122,10,1
748,4,2
847,5,1
47,15,3
758,9,4
430,6,5
928,16,3
211,9,4
399,11,4
931,2,2
401,13,1
283,9,2
20,2,2
589,11,3
993,9,3
891,17,2
633,9,3
610,1,5
637,13,4
454,7,4
272,11,1
949,11,5
365,16,3
423,4,3
72,4,2
425,9,3
863,1,2
22,12,5
553,17,3
242,3,4
519,2,3
660,10,3
273,7,5
824,3,3
566,14,5
737,12,3
22,10,1
606,16,4
306,7,4
982,12,1
513,4,1
451,6,5
414,12,4
563,14,4
574,8,5
397,8,1
620,3,4
834,13,3
79,11,4
739,17,3
391,17,1
279,2,1
36,15,4
241,10,3
274,8,1
82,11,2
463,2,1
385,10,1
108,12,4
106,10,4
78,11,3
71,17,1
652,14,4
87,8,4
203,1,4
224,8,3
448,16,5
88,4,3
804,6,1
652,1,4
787,5,1
996,2,2
684,12,1
719,8,5
459,4,5
460,5,1
772,10,4
663,5,4
411,9,1
842,5,4
603,16,1
761,4,2
524,12,3
352,13,2
479,9,4
955,8,5
995,11,4
45,10,3
715,15,4
653,14,4
630,14,1
421,9,2
557,15,4
432,6,3
236,12,2
898,8,3
901,7,3
769,15,4
65,9,5
772,11,1
791,3,4
735,9,2
945,5,5
688,8,4
529,3,3
704,14,4
940,1,5
435,14,2
371,16,1
90,9,3
856,4,1
514,14,3
943,7,1
184,10,2
916,15,2
870,12,2
54,6,3
994,9,1
831,10,4
429,7,3
663,9,5
318,16,1
640,6,2
685,6,4
221,17,4
534,7,2
222,11,3
232,5,2
127,5,1
851,1,3
686,12,2
129,13,3
279,10,5
207,2,5
712,12,2
316,8,3
693,4,4
449,9,1
460,17,5
803,7,3
610,15,4
3,13,2
829,7,2
741,16,5
160,3,5
525,15,1
904,9,4
31,11,5
123,12,1
480,11,2
418,11,5
463,4,5
129,12,2
295,14,4
699,8,3
298,3,3
653,16,3
4,2,4
726,5,5
403,15,2
818,2,2
825,12,3
985,7,5
569,5,2
672,3,1
975,14,5
170,4,3
245,4,2
97,2,4
82,16,4
302,7,5
948,4,3
259,5,3
430,13,3
121,13,4
615,17,2
278,6,5
814,12,2
433,3,2
293,5,5
274,17,2
482,2,2
482,10,1
950,6,2
694,14,2
123,12,3
333,6,4
304,4,2
707,12,3
305,4,3
801,11,4
981,14,4
94,12,3
843,12,1
148,16,1
273,15,2
985,17,3
165,2,4
727,6,5
623,4,3
292,11,5
782,13,5
59,2,4
291,15,1
510,4,1
516,15,2
738,5,2
731,14,2
913,14,5
98,4,4
211,11,1
622,7,5
428,1,3
993,14,5
119,1,1
537,10,3
809,11,5
432,14,5
445,11,1
652,15,1
546,17,2
557,7,2
217,7,4
118,17,4
536,12,2
562,8,2
365,15,1
927,8,2
749,16,5
395,2,5
21,12,4
698,17,4
133,10,1
607,14,2
995,6,5
70,14,2
145,14,1
573,16,5
381,5,1
587,8,3
146,17,1
788,10,3
96,8,5
452,13,4
813,10,1
828,5,5
912,4,5
434,8,3
120,4,3
892,10,5
288,16,4
25,4,2
932,8,1
743,2,5
838,14,3
157,5,4
691,15,3
832,1,5
694,3,2
303,6,2
528,8,4
534,17,4
424,11,1
608,15,1
447,16,4
92,14,1
100,7,3
827,15,4
881,4,3
442,6,3
750,16,1
547,9,1
452,2,3
575,15,3
310,12,4
60,10,1
498,17,5
197,3,1
241,3,3
939,3,5
994,8,4
963,13,5
695,10,2
754,3,3
994,3,5
269,10,4
811,7,2
292,12,2
421,3,2
236,15,1
544,10,3
763,14,3
391,6,4
692,8,2
635,17,3
987,9,5
83,7,3
434,15,5
296,12,3
412,1,5
605,17,4
110,5,4
742,5,3
206,5,3
74,4,4
888,16,2
6,6,4
787,1,1
557,11,2
210,1,4
19,17,3
463,3,3
32,11,5
395,1,1
91,17,3
864,1,2
162,15,4
646,17,5
907,15,3
268,7,4
198,16,3
763,10,4
686,4,2
967,14,3
265,9,2
759,3,5
451,7,3
354,12,4
11,13,4
761,5,5
62,5,3
686,5,5
309,15,4
433,17,2
709,16,3
883,6,4
281,17,5
291,9,4
299,14,2
112,13,3
347,1,2
149,17,3
901,6,5
73,6,1
162,14,2
956,1,5
434,14,3
792,14,5
381,13,5
310,13,1
960,9,4
645,9,5
670,2,3
640,16,4
100,5,1
993,11,1
753,9,3
533,12,3
822,17,4
709,4,4
178,4,5
802,2,2
381,12,2
465,5,5
69,16,5
278,8,4
838,15,2
301,5,1
16,6,1
538,5,2
972,8,1
67,1,4
153,1,4
192,1,1
466,3,5
386,1,1
598,5,2
137,14,1
991,9,3
153,2,5
749,9,5
706,6,1
687,7,2
487,7,2
483,13,3
534,7,5
495,14,3
981,16,3
236,9,5
140,17,4
658,1,3
359,3,3
826,12,3
697,11,2
798,10,4
831,9,2
856,15,2
587,1,1
589,14,3
112,1,4
439,12,2
671,1,4
57,1,2
928,8,5
662,1,3
525,1,5
705,14,1
622,6,4
434,13,2
554,17,5
290,16,5
718,14,1
863,8,3
178,11,1
454,15,2
146,5,1
464,2,1
960,10,2
153,4,4
929,14,2
978,3,2
793,15,2
132,6,4
898,13,1
8,5,4
362,5,1
469,7,5
389,2,5
83,8,5
668,15,1
106,9,1
233,16,3
88,9,1
903,15,1
304,16,4
194,12,1
852,11,1
489,3,3
750,13,4
902,5,2
753,14,3
364,5,1
332,13,3
215,6,1
690,10,4
973,11,4
74,6,5
343,15,2
322,17,2
699,5,4
766,10,4
887,10,2
531,15,4
739,14,4
668,14,3
211,17,4
114,13,2
276,6,3
178,14,4
152,3,4
252,17,5
491,4,1
340,11,2
20,3,5
564,15,1
118,5,4
492,1,4
171,15,2
969,16,4
168,7,5
8,3,2
989,12,1
546,12,2
195,13,3
852,3,5
521,10,3
862,8,2
897,11,1
829,12,1
705,8,1
655,15,3
745,9,1
783,1,5
831,11,3
726,8,3
332,2,1
572,12,4
581,2,4
378,14,1
782,7,5
600,10,2
712,13,4
423,9,2
625,9,5
429,12,5
240,13,5
311,10,4
350,12,5
207,15,2
896,11,2
435,8,5
481,17,5
792,11,2
593,10,3
105,7,3
686,2,4
321,5,4
993,6,3
191,1,4
589,17,1
936,12,1
621,13,4
701,13,2
590,16,3
946,15,1
433,6,2
230,1,2
519,17,4
567,13,1
920,6,3
876,8,1
385,4,1
307,6,3
78,10,2
266,11,5
857,7,1
614,7,5
136,7,4
447,3,4
212,6,3
610,10,1
724,8,5
959,7,3
397,15,5
930,13,3
455,13,5
656,3,5
862,14,5
920,15,3
316,12,2
607,9,4
343,11,4
545,11,3
59,9,4
486,5,3
670,17,3
790,13,3
722,10,4
37,8,1
413,14,4
312,1,5
871,3,5
323,12,5
916,15,5
622,6,4
520,17,3
293,12,3
676,11,4
852,6,1
896,17,4
54,9,5
229,6,1
32,6,4
980,15,5
497,7,2
782,13,4
314,1,4
192,9,2
513,14,5
937,12,5
832,3,5
299,10,3
69,6,5
239,4,1
875,9,5
172,6,4
999,1,1
887,16,5
621,17,1
990,9,5
907,6,3
295,16,4
124,5,2
628,7,1
178,8,3
535,4,3
370,15,4
848,11,2
362,7,1
940,15,4
857,5,4
993,9,1
883,2,1
655,14,2
558,1,2
876,11,2
528,1,2
14,8,3
319,4,4
680,1,2
690,14,2
814,9,1
498,7,3
935,3,1
774,9,3
972,1,3
177,15,2
313,15,4
632,8,4
640,11,4
873,9,4
700,17,5
217,12,5
740,4,2
666,5,3
889,10,4
892,16,2
482,10,4
354,15,2
466,6,3
630,17,2
579,6,4
765,6,1
843,11,4
663,9,1
304,12,3
988,13,1
598,12,2
73,17,4
762,6,4
170,4,3
134,13,4
780,13,4
618,15,2
762,17,2
513,2,1
588,8,1
833,7,3
602,17,1
853,3,4
349,11,3
695,2,3
405,10,1
215,6,2
136,10,5
314,13,4
220,17,4
389,10,4
365,1,4
622,15,1
264,17,4
829,13,2
799,5,3
629,9,2
961,16,3
131,11,4
852,1,5
278,6,3
168,10,5
414,6,3
598,15,1
333,14,3
103,13,3
552,4,4
2,8,5
728,17,2
976,7,4
72,11,3
279,4,1
468,6,4
115,6,1
615,5,4
840,15,3
656,13,1
700,6,3
29,4,1
621,15,5
297,8,2
828,11,4
88,6,1
963,4,3
323,10,2
374,4,5
414,11,2
695,17,1
976,7,2
937,15,4
873,6,1
919,9,4
323,14,1
430,8,5
854,6,5
38,4,3
447,2,3
856,3,1
144,12,4
489,6,4
849,1,3
11,3,5
954,16,5
153,16,2
102,7,1
634,12,4
639,1,1
937,11,1
567,3,2
206,3,1
991,13,1
541,13,4
993,13,1
743,11,3
375,14,2
739,11,2
942,10,2
914,3,4
466,6,2
900,8,2
311,10,5
381,3,2
825,2,3
988,4,3
524,8,5
56,1,1
139,3,3
98,9,5
635,9,3
178,10,3
939,17,2
71,1,4
432,10,5
985,4,3
481,10,3
709,12,4
38,11,2
435,9,1
730,13,2
671,15,3
823,7,5
269,6,1
428,11,3
228,7,1
908,11,4
797,13,4
141,5,4
764,2,1
13,15,3
250,11,2
488,17,1
310,11,1
580,8,5
154,16,4
9,17,5
8,12,4
960,12,1
52,4,1
425,13,3
378,9,2
297,1,5
540,1,2
37,12,1
97,5,2
721,6,5
835,17,5
516,17,5
33,15,3
936,4,4
520,12,2
970,3,5
166,12,2
916,1,3
354,7,1
558,15,3
80,7,3
642,6,3
622,13,5
458,4,3
774,4,4
795,7,5
908,15,5
235,9,1
971,1,4
653,11,5
334,5,1
33,13,4
882,16,5
809,10,2
876,10,2
460,6,5
305,13,5
231,3,5
156,5,5
67,13,5
491,17,5
193,13,1
436,12,2
804,10,5
621,14,3
859,11,4
33,13,1
427,4,2
541,17,4
770,4,2
745,15,4
391,4,2
699,4,5
947,9,5
366,1,5
583,10,4
502,15,3
26,2,5
420,14,3
678,1,2
315,9,2
332,11,5
676,8,2
328,12,4
897,7,2
575,10,3
582,9,3
602,15,2
28,7,1
739,7,5
680,9,4
339,7,3
717,2,3
480,6,5
680,10,3
786,2,1
893,11,3
558,5,2
692,12,5
948,7,5
238,6,2
141,2,3
541,17,5
338,9,3
509,2,5
138,11,3
805,5,2
141,17,1
891,5,4
184,10,3
587,15,4
407,17,5
691,13,4
544,16,5
427,8,1
292,7,1
937,14,1
764,14,2
143,13,3
438,13,4
112,10,2
836,8,3
810,8,3
330,16,4
922,9,5
210,1,1
529,6,5
466,1,5
61,16,4
766,14,3
823,12,5
573,7,3
203,16,4
713,15,4
260,16,1
180,6,3
353,9,2
515,12,4
12,3,5
554,1,5
819,7,1
514,7,5
565,12,2
632,16,5
332,12,1
273,1,1
288,5,4
900,6,5
934,4,2
226,10,5
975,3,4
434,17,3
151,16,4
994,15,1
997,10,4
798,8,5
338,2,3
680,5,4
909,15,1
295,10,3
745,7,4
163,14,2
104,11,3
733,12,3
228,15,5
805,2,4
431,3,2
821,15,1
958,11,1
447,5,1
744,7,3
796,10,5
596,2,5
582,16,5
356,14,5
392,15,1
893,13,3
528,2,5
459,7,1
381,8,4
296,1,4
496,8,1
998,2,2
856,6,4
545,16,4
829,5,5
903,1,1
287,3,1
124,3,4
927,15,3
338,15,4
389,9,2
91,7,5
990,2,3
728,15,2
32,6,5
49,3,2
990,7,4
847,6,4
426,2,4
703,11,1
641,4,4
934,10,2
714,14,3
478,5,4
955,4,5
804,3,5
454,1,3
788,6,3
444,5,5
476,5,1
490,6,2
92,16,2
802,2,1
661,6,2
215,1,2
67,12,2
294,7,1
134,14,4
603,1,3
658,16,5
590,9,5
733,8,4
745,10,5
550,2,4
853,11,2
224,7,3
57,2,1
527,6,4
576,11,2
842,10,2
297,2,3
645,7,4
560,1,5
541,14,5
506,11,4
940,2,1
548,6,4
425,10,4
15,17,3
674,12,3
801,16,1
544,17,3
152,7,1
976,15,2
78,14,1
227,16,2
867,1,5
630,15,5
727,9,5
218,17,3
750,3,1
343,7,2
789,2,1
283,1,5
496,5,1
757,8,1
629,1,3
2,9,4
158,1,3
415,4,2
925,11,2
15,8,2
406,12,4
450,8,3
694,1,4
49,14,5
216,2,3
5,7,3
497,10,2
838,15,5
199,8,5
535,15,2
622,13,4
131,8,5
437,9,4
938,16,3
118,15,3
103,16,5
364,15,2
132,5,1
473,13,4
759,6,1
247,5,3
440,11,4
751,9,5
559,16,2
927,6,5
452,10,3
273,16,2
673,8,5
962,4,4
512,17,3
925,10,2
813,9,1
843,5,4
667,13,3
83,8,2
810,4,1
567,11,4
494,2,3
439,17,3
544,16,2
302,12,4
902,1,5
143,1,4
702,2,2
850,7,4
984,16,4
418,1,4
9,7,3
956,1,3
414,1,2
240,5,4
121,8,3
154,13,3
800,6,4
611,8,2
887,13,3
359,15,5
152,11,1
793,17,3
89,16,5
782,15,5
541,1,5
208,10,4
982,2,1
753,13,2
66,15,2
131,9,3
161,5,5
325,4,2
257,16,1
510,3,4
242,12,3
763,9,3
459,15,5
661,16,4
951,5,3
480,11,1
922,17,5
661,17,4
794,6,5
213,17,4
980,3,3
559,10,3
315,13,3
887,10,2
54,10,3
460,15,2
32,7,2
263,1,4
119,13,3
539,4,1
981,8,2
654,12,4
796,12,2
784,14,2
812,13,2
422,4,5
475,9,2
212,13,4
78,10,5
90,13,4
984,14,4
359,6,5
541,12,4
471,8,4
501,17,5
92,2,4
74,8,4
793,14,4
656,10,5
610,7,1
97,17,1
561,16,4
417,11,3
191,9,2
76,5,3
689,12,3
809,17,5
45,5,1
631,6,2
689,4,1
709,2,3
664,14,3
444,17,1
915,10,1
731,6,5
870,4,3
909,9,1
620,12,1
180,11,3
19,12,2
351,15,1
873,11,1
22,10,2
142,10,1
217,6,4
512,8,1
906,14,4
681,15,2
400,8,3
326,14,3
660,16,4
313,17,5
431,14,1
938,14,1
745,14,4
61,17,2
459,7,2
692,7,2
604,3,4
692,6,5
839,14,4
380,17,4
144,16,5
64,6,1
711,12,4
814,8,2
723,1,4
8,4,2
176,3,2
690,2,2
65,4,5
90,8,1
328,13,5
308,14,2
674,13,5
394,14,3
982,4,3
449,1,3
338,5,2
58,6,2
734,12,3
563,6,4
518,4,1
691,6,4
755,12,5
305,2,2
870,15,2
673,11,2
932,12,2
275,16,5
554,8,5
806,1,2
301,15,4
700,11,3
392,3,3
25,6,5
560,16,1
112,7,5
942,7,2
990,10,3
197,13,5
710,5,1
281,4,3
312,12,3
624,3,5
463,6,5
652,10,5
251,9,3
453,4,1
251,6,2
152,13,4
745,17,3
409,5,2
877,8,1
473,5,2
179,3,2
996,1,2
796,5,4
268,10,3
910,4,5
319,5,3
23,9,5
906,6,2
485,11,2
434,11,1
713,13,5
322,17,4
914,12,4
636,2,2
142,16,5
379,4,3
479,4,3
83,16,1
112,10,3
491,6,2
743,6,3
602,7,1
903,6,1
986,15,4
904,5,5
716,13,1
959,4,4
271,15,4
744,15,4
579,4,2
452,5,5
210,17,3
812,12,1
831,11,3
292,17,2
154,10,1
279,3,4
301,14,1
715,17,5
105,15,3
665,5,5
868,15,5
35,2,4
464,11,3
719,9,1
158,2,1
301,14,5
634,3,4
948,6,2
866,16,4
660,1,1
423,15,3
388,15,4
603,16,1
231,7,1
825,3,3
752,12,2
497,15,2
677,5,1
929,4,3
388,9,4
578,8,4
915,4,4
680,7,2
75,11,2
43,17,3
851,1,4
694,6,2
619,4,5
594,7,3
732,9,2
958,12,1
813,17,5
540,8,4
66,10,3
585,2,2
610,8,1
292,6,4
726,4,4
960,12,2
452,9,4
891,10,4
851,9,4
605,8,5
562,15,3
99,8,2
82,12,2
65,14,4
666,13,2
577,4,5
275,2,3
470,5,4
797,2,4
826,11,3
802,4,3
615,6,2
740,17,4
756,4,1
33,1,1
294,4,1
915,9,5
588,9,1
282,8,5
647,12,2
592,9,3
847,6,4
713,2,3
119,10,1
123,9,4
440,16,1
651,17,5
120,16,1
447,8,5
888,11,4
560,8,2
821,8,2
781,3,4
109,11,3
148,5,4
284,1,1
157,7,3
607,14,2
78,3,3
402,15,1
989,14,4
820,16,1
429,2,2
894,16,3
329,3,5
307,10,5
289,12,2
448,14,2
841,13,2
999,12,2
461,13,4
605,16,4
299,5,5
319,4,3
685,5,2
546,3,1
124,6,5
368,13,2
175,5,5
147,2,1
877,9,1
947,13,4
670,1,4
873,15,1
973,15,5
604,3,3
318,13,5
899,13,1
738,17,4
498,11,5
208,11,5
841,11,5
51,13,1
441,5,3
378,3,5
197,15,1
362,12,1
772,5,5
414,4,4
660,14,1
192,11,3
156,13,1
665,12,4
915,4,5
565,4,2
459,13,1
508,13,1
447,13,1
309,13,5
758,17,3
914,7,3
231,11,2
717,9,3
509,17,5
217,12,5
407,5,5
45,17,3
296,10,4
988,9,1
710,10,5
827,7,4
736,5,3
240,9,4
84,5,1
26,17,4
97,7,4
205,12,5
732,6,2
28,14,2
129,3,3
142,6,5
985,15,4
465,15,4
130,7,1
117,1,1
793,11,4
239,6,4
964,3,4
107,13,2
228,14,5
579,7,2
93,7,3
251,11,2
170,17,4
894,15,1
671,12,1
287,8,1
397,12,4
67,3,3
88,10,2
194,11,3
412,9,5
61,14,2
715,13,4
626,12,4
288,2,4
14,1,3
743,1,5
961,9,1
694,2,5
346,8,2
78,17,3
754,11,3
615,15,3
589,3,2
765,8,4
478,1,5
138,1,5
788,12,1
963,7,3
697,5,5
54,12,5
374,10,3
184,1,1
634,4,1
64,8,5
835,4,5
749,6,3
40,14,3
795,16,5
207,4,1
695,6,3
559,7,2
77,9,1
949,13,4
575,4,2
500,5,4
904,5,3
909,17,3
574,12,4
448,4,1
464,9,4
404,3,4
150,10,3
378,15,1
547,6,4
93,11,5
249,1,5
39,5,4
640,1,3
430,13,1
676,17,4
906,4,1
38,10,2
428,5,5
420,4,4
337,9,5
727,12,2
190,1,3
110,3,4
881,13,1
33,14,5
447,5,2
615,10,3
321,3,2
92,8,5
36,13,1
307,5,1
481,9,1
429,17,3
966,16,5
730,5,2
616,11,2
883,4,5
518,9,5
276,1,4
233,5,3
562,13,1
26,14,3
216,13,1
505,15,4
82,14,2
673,17,1
161,6,2
136,11,1
441,1,2
639,10,4
547,8,3
83,5,2
11,4,3
647,3,5
158,16,1
757,8,5
127,5,4
154,14,5
608,13,2
21,3,4
8,16,4
173,17,4
259,10,1
874,13,4
608,16,5
996,8,4
759,11,4
935,6,2
178,9,2
902,5,5
484,13,3
285,10,5
803,10,5
860,7,3
459,7,2
359,16,4
987,3,3
681,15,5
501,16,2
47,15,3
567,9,2
302,1,3
319,6,1
740,4,3
218,3,2
687,17,3
106,8,1
579,7,4
375,13,3
546,10,3
459,16,4
826,4,4
160,15,2
509,2,2
684,2,1
761,1,5
144,15,4
969,13,5
227,4,3
645,4,5
98,16,5
285,6,3
212,16,3
632,15,3
826,9,3
862,8,4
538,5,5
164,13,1
655,11,1
978,5,1
169,2,5
483,1,3
833,5,4
407,9,3
844,17,3
194,2,1
69,7,5
523,8,5
47,10,4
634,7,5
404,17,3
68,3,3
348,9,3
413,14,3
499,5,3
955,17,5
785,16,2
419,2,4
378,11,4
458,9,1
171,15,4
584,1,5
267,5,4
739,17,2
521,3,1
352,10,2
612,11,1
291,14,4
179,6,2
623,14,3
204,1,1
837,16,2
256,1,5
637,7,1
755,15,3
8,2,5
318,7,2
624,13,4
477,3,2
934,5,4
511,10,4
727,6,5
334,9,3
789,16,2
940,3,2
916,8,4
63,2,3
405,15,1
133,11,2
549,7,2
127,8,3
639,1,1
354,3,1
403,2,5
726,17,1
137,12,1
588,15,2
609,9,1
287,15,3
227,3,5
660,10,1
610,10,1
120,5,5
514,15,3
655,8,2
851,2,2
9,1,3
595,12,5
137,12,2
305,5,5
879,13,3
544,12,3
829,13,5
393,9,4
550,4,3
250,16,2
380,11,2
938,1,4
914,9,3
170,8,1
669,8,2
437,5,3
60,13,3
659,4,2
704,1,5
5,16,4
240,9,2
206,6,4
134,9,1
643,3,1
72,5,3
655,5,4
518,15,2
928,13,1
601,5,2
354,16,1
297,4,2
254,5,4
356,9,2
84,17,4
164,1,5
830,15,5
418,15,4
644,7,2
178,8,5
954,1,3
802,7,5
613,7,5
44,2,1
27,15,3
389,14,5
568,6,4
77,5,2
48,9,5
718,12,1
811,12,3
422,1,3
352,3,5
781,10,5
122,17,3
53,8,4
576,17,4
659,9,3
313,9,2
812,8,5
216,15,4
766,4,4
893,17,3
462,8,2
46,17,2
376,13,5
860,5,2
499,14,3
139,2,5
1,12,2
648,1,5
45,8,4
357,5,1
560,5,3
920,5,1
384,16,1
879,8,1
218,1,3
237,6,1
758,5,1
139,3,1
932,15,3
977,1,1
336,12,5
128,12,2
951,1,4
777,2,4
847,14,1
982,11,4
734,9,5
128,4,2
944,1,4
480,15,5
483,8,3
982,3,1
999,14,4
715,6,2
957,7,2
40,5,2
850,16,5
987,11,1
814,14,1
206,5,3
707,3,2
221,10,4
644,10,3
725,11,3
736,2,2
454,6,4
35,8,3
680,12,2
327,7,3
219,11,3
212,2,2
742,9,1
855,17,1
718,1,4
107,9,1
68,4,4
581,7,3
396,1,2
582,2,3
607,11,1
98,13,3
917,10,2
711,2,4
186,11,3
37,5,2
913,1,5
286,1,5
719,14,4
308,13,1
369,17,5
954,13,2
47,10,2
306,1,1
963,7,5
657,17,2
347,14,4
186,13,3
956,2,1
878,7,1
43,1,4
567,16,3
846,9,3
10,17,5
811,10,1
505,17,1
178,5,3
786,7,1
207,3,2
878,16,5
474,7,3
23,15,4
593,14,5
120,9,2
29,16,3
977,1,2
238,8,1
878,6,2
896,10,5
864,16,1
22,7,5
427,15,1
293,2,2
272,7,3
770,17,4
526,6,1
770,10,1
709,12,2
390,10,1
11,13,4
511,4,4
350,1,4
754,16,1
896,16,2
604,13,4
679,11,2
756,15,2
820,12,3
591,10,4
687,15,1
624,6,2
681,2,2
657,10,2
187,8,4
262,5,2
309,8,4
845,2,1
133,2,4
722,5,4
562,2,5
634,6,4
361,4,2
146,4,3
328,11,3
84,15,3
785,15,5
371,13,5
31,8,1
374,14,2
798,1,2
806,4,5
661,10,1
701,7,5
474,8,1
915,7,1
113,9,5
894,11,2
438,16,2
317,1,2
541,2,3
23,2,5
173,3,2
943,8,1
656,15,2
667,4,2
539,12,5
444,13,5
87,14,2
276,5,5
822,2,4
588,10,1
85,2,1
343,16,1
52,4,5
142,14,2
639,6,2
535,8,1
951,16,2
496,14,3
402,17,3
148,11,4
127,14,3
80,12,3
808,16,1
922,16,3
699,6,2
94,17,2
352,16,4
119,15,5
928,11,5
409,10,4
540,11,4
194,4,2
284,3,3
579,10,5
409,7,5
53,12,4
789,16,1
21,5,4
975,9,2
183,17,1
514,5,1
222,4,2
692,2,1
153,5,4
512,16,5
709,8,5
796,9,5
801,2,4
307,12,1
977,15,1
617,7,1
597,6,2
278,11,2
706,10,4
392,2,3
55,14,3
331,12,2
431,17,5
876,2,3
796,2,4
653,13,3
882,3,1
435,3,2
120,15,1
882,8,1
534,16,3
980,10,2
750,9,3
552,1,4
666,3,4
499,17,3
850,11,1
862,17,1
258,13,4
361,11,4
427,17,4
654,12,1
302,7,1
110,15,4
304,4,1
919,9,5
817,4,5
379,1,2
774,4,2
333,14,2
396,16,5
144,3,5
631,12,3
778,3,5
224,1,2
963,7,5
751,13,4
233,9,2
522,15,2
259,13,2
155,12,5
198,12,3
570,15,2
435,17,3
916,15,3
70,10,5
547,11,1
116,14,4
857,12,2
784,8,2
613,7,1
916,4,2
749,9,5
685,15,4
25,13,3
556,14,1
899,15,3
872,1,2
335,16,2
863,16,4
256,15,1
205,4,1
631,7,5
155,16,4
727,5,2
250,4,3
882,7,3
725,1,2
213,17,5
19,10,2
602,4,2
920,7,4
595,15,3
932,9,1
479,5,2
651,6,5
302,16,1
491,4,3
597,1,1
485,1,3
806,5,4
616,3,5
28,8,4
841,7,4
845,5,4
100,4,3
919,6,1
544,1,3
31,11,3
892,16,1
316,9,4
848,5,3
828,15,4
74,15,5
207,5,3
98,13,1
767,9,2
192,10,5
267,2,1
719,9,2
576,7,5
78,13,3
177,6,5
912,1,1
540,11,3
983,4,3
375,17,5
686,17,4
671,5,5
910,15,1
90,4,5
684,14,5
512,15,4
405,12,1
668,9,2
384,16,4
752,13,3
394,17,2
904,8,2
757,14,3
193,2,5
40,1,4
543,7,2
296,13,1
252,7,3
813,1,1
570,10,5
586,7,3
880,3,1
315,1,2
147,9,2
273,12,2
173,13,2
769,16,3
308,5,2
347,7,3
827,12,1
202,9,3
299,5,4
509,17,2
592,2,5
334,16,1
6,6,4
437,14,1
186,17,4
778,12,5
405,10,1
767,4,4
371,11,5
147,2,2
332,10,1
92,10,1
961,4,5
572,14,5
259,10,4
847,13,1
947,12,4
506,14,3
615,4,5
660,12,4
981,7,3
168,7,2
639,4,1
571,16,1
880,10,1
828,13,3
175,12,2
102,9,2
309,7,1
407,2,2
767,9,5
819,7,5
427,5,5
399,3,2
62,7,1
782,13,3
889,16,4
553,12,1
442,5,1
906,4,2
160,12,1
230,7,4
881,3,1
687,1,2
254,13,2
695,1,2
634,4,4
744,15,4
862,14,1
253,14,1
583,14,5
609,7,1
13,8,1
470,1,2
174,6,2
177,4,1
236,4,4
454,11,5
23,2,3
845,10,5
213,4,3
173,6,1
114,16,5
81,2,5
760,7,3
498,5,5
837,5,5
808,2,2
31,6,3
707,1,5
57,11,4
339,4,4
675,9,5
237,9,3
394,2,4
810,4,1
981,14,3
516,5,5
926,1,1
93,12,5
401,11,2
72,16,3
770,9,4
998,13,4
38,6,2
441,7,4
819,7,5
907,16,5
210,14,4
3,4,2
665,10,4
409,11,1
320,6,3
755,11,5
488,13,2
441,5,2
275,5,4
835,4,1
408,7,4
673,8,3
191,1,1
480,12,2
315,14,5
587,3,1
822,13,1
585,12,2
174,16,5
676,10,4
690,14,4
377,16,1
131,14,3
124,12,5
990,3,1
28,7,5
549,11,5
917,10,5
108,3,2
780,11,1
74,7,3
435,3,3
401,4,1
310,16,3
203,9,3
703,8,3
919,3,1
925,4,2
477,13,2
472,11,1
723,7,3
316,14,4
920,16,3
68,15,2
936,15,5
800,9,5
423,7,1
623,3,5
853,15,5
940,10,2
84,16,2
322,16,1
307,9,1
657,12,5
703,11,1
467,12,1
194,16,1
228,11,5
329,8,3
573,12,5
667,15,3
392,4,1
326,17,4
963,7,2
651,15,4
598,9,1
689,5,1
849,11,5
199,17,1
992,13,2
231,8,3
494,15,2
682,4,4
177,2,2
602,5,3
766,1,3
734,16,3
438,17,3
670,10,1
549,13,2
314,17,3
259,17,4
964,15,3
175,7,4
942,11,2
225,4,5
356,14,4
740,8,4
498,3,5
490,2,2
612,2,5
297,2,2
81,7,2
789,14,1
94,7,3
792,6,2
368,13,5
478,7,5
829,17,3
290,4,5
258,3,4
53,13,5
948,8,5
76,12,4
317,17,1
395,7,4
506,7,4
892,12,5
848,2,5
488,11,3
45,13,4
795,13,2
817,9,2
612,4,1
188,8,4
224,12,4
468,3,3
24,5,4
16,6,1
906,5,4
836,17,3
699,17,3
434,12,5
770,5,3
435,13,1
691,14,4
728,10,1
253,5,2
718,14,2
883,5,2
515,13,1
348,3,2
623,9,3
139,3,5
985,8,4
467,11,4
720,9,1
909,14,2
66,7,1
943,2,3
195,4,2
161,14,5
995,8,4
348,7,4
557,16,1
649,4,2
928,9,2
861,9,3
740,10,1
875,3,1
206,1,5
294,5,5
866,14,3
355,12,1
614,8,5
549,3,5
842,3,1
985,10,3
257,4,4
90,7,5
543,13,3
823,7,1
11,17,2
799,12,2
344,17,2
812,3,1
773,7,4
856,12,5
214,2,1
892,14,2
358,14,4
439,13,1
232,13,4
587,8,4
782,4,3
882,16,5
972,15,4
831,8,3
354,5,4
354,11,2
290,14,4
389,16,3
732,3,3
746,17,4
856,8,4
817,5,5
699,11,2
831,4,3
716,13,4
788,17,3
219,8,1
191,15,5
831,9,3
732,12,3
848,17,2
705,2,4
512,17,3
408,15,5
674,13,3
210,11,3
79,14,3
269,17,1
966,11,5
84,13,1
408,16,2
525,15,3
634,13,3
109,5,1
934,11,4
527,1,3
629,10,2
82,7,5
980,14,1
241,4,3
9,7,3
527,9,1
793,15,1
272,17,3
808,8,2
390,13,1
13,13,5
215,11,3
179,7,5
575,9,1
228,17,5
200,11,5
161,10,1
117,17,3
3,5,2
418,3,3
257,11,2
805,14,5
969,12,4
296,12,3
188,9,4
232,12,4
84,8,3
638,2,3
861,8,3
575,4,5
263,11,5
131,7,1
545,5,3
98,2,2
473,17,2
323,1,1
344,14,1
530,12,4
796,13,2
818,3,4
290,13,3
604,7,2
942,11,3
273,4,2
824,5,1
761,14,2
587,12,2
450,15,1
134,1,1
748,2,2
209,5,2
915,13,3
834,17,4
341,1,5
697,3,1
122,8,2
95,9,2
598,4,3
40,13,2
447,16,5
191,1,4
63,14,5
583,3,5
523,10,2
297,5,1
404,14,2
660,17,3
795,3,5
437,9,1
951,8,4
946,16,3
833,1,2
107,17,1
310,6,1
864,5,2
525,8,4
957,2,5
475,16,3
992,7,3
13,11,5
917,12,1
259,10,4
653,14,2
731,5,2
417,2,4
828,14,2
204,10,4
708,9,5
784,2,2
556,6,4
242,3,2
466,1,5
714,4,1
982,8,4
890,12,4
255,7,3
225,8,4
925,9,5
198,16,1
654,6,4
632,12,4
204,11,3
816,10,2
440,17,3
752,9,5
269,16,3
266,14,4
27,5,5
443,12,4
169,1,1
740,8,4
455,2,3
257,1,1
121,11,4
724,3,2
759,9,5
960,9,2
1000,10,2
605,3,2
48,3,1
57,14,5
686,1,4
525,11,4
715,13,5
265,7,5
515,15,5
361,7,4
332,3,4
371,8,4
994,9,2
232,2,3
582,5,2
2,12,1
477,13,3
224,9,2
679,11,2
942,6,3
327,10,5
694,15,2
99,1,4
805,1,4
871,7,1
230,3,4
611,15,3
135,9,1
395,15,1
826,13,2
79,6,2
430,11,5
367,14,3
799,1,2
121,8,3
674,6,3
583,9,5
795,3,5
532,3,2
7,10,5
956,13,2
977,12,3
946,16,5
278,9,1
180,14,5
895,8,5
69,11,5
682,10,2
457,16,2
78,9,3
139,15,2
440,7,5
503,9,1
937,17,2
37,10,5
184,12,3
698,4,1
612,16,5
597,4,4
311,5,1
564,12,1
782,8,3
143,1,1
226,13,1
655,4,2
971,15,4
521,10,4
976,8,2
347,14,2
689,4,3
600,10,3
118,12,1
396,1,5
503,7,5
552,14,2
337,4,5
605,7,2
120,15,4
383,2,5
681,5,2
835,15,5
432,14,1
526,5,1
789,10,3
636,1,2
854,1,5
242,10,2
713,13,3
819,12,4
561,13,4
151,14,1
820,8,1
880,17,2
455,14,4
968,10,2
37,2,2
569,2,5
831,15,5
677,15,5
469,9,1
187,12,4
995,15,1
447,12,5
758,17,4
935,17,1
372,5,4
42,11,1
992,11,4
450,7,5
260,13,3
686,4,1
63,8,1
726,1,1
33,10,2
626,15,3
790,1,2
681,13,3
560,8,3
579,4,3
967,1,1
301,6,2
333,11,2
866,1,5
887,9,4
518,10,5
957,5,5
372,17,5
938,12,5
254,15,3
880,1,2
727,10,3
854,17,5
535,6,1
167,16,2
496,7,5
554,1,1
1000,13,5
979,8,1
138,4,1
815,3,3
379,2,3
758,12,4
945,17,4
932,8,5
738,10,4
888,2,3
532,6,4
440,7,3
770,10,2
829,14,1
140,17,2
255,3,2
288,14,2
278,10,2
761,2,3
332,11,4
28,6,4
929,13,1
505,17,4
752,7,2
967,1,1
790,17,1
593,7,1
396,10,3
78,1,1
255,4,2
436,10,5
121,8,1
995,3,4
760,12,5
457,5,5
611,6,2
524,9,2
946,5,5
833,9,5
524,14,4
800,8,2
879,13,2
575,11,5
992,10,2
613,9,1
536,3,2
728,8,4
663,6,2
925,12,4
724,15,5
175,17,1
754,13,2
847,10,4
568,7,3
610,4,2
810,11,3
735,2,3
150,4,3
897,8,3
315,9,1
158,2,5
747,9,2
486,6,5
27,17,4
970,7,1
756,11,1
190,12,4
777,5,5
541,5,1
381,9,3
380,2,4
581,7,3
65,17,1
179,13,3
241,13,2
589,8,2
470,3,3
142,14,5
762,2,2
96,12,1
636,15,3
382,17,2
165,16,2
724,6,3
374,17,5
823,10,5
389,2,4
880,9,1
524,15,2
371,4,4
100,7,2
457,5,5
200,6,1
305,1,3
139,17,1
272,9,3
242,15,5
91,8,3
521,15,5
156,11,3
506,14,2
546,5,3
540,14,4
377,15,5
192,6,1
674,15,1
596,15,1
952,14,3
266,4,1
396,5,1
193,1,4
69,16,2
271,2,3
301,8,3
551,13,5
988,6,4
416,3,3
509,1,2
921,15,2
258,3,1
251,3,5
718,8,5
361,4,2
190,2,1
310,16,2
618,14,5
336,17,5
125,15,2
519,15,3
293,2,5
874,12,2
831,13,3
782,16,2
239,3,5
931,10,2
764,6,3
932,8,2
889,6,1
764,15,2
627,13,3
338,7,3
19,16,1
839,2,2
503,4,3
486,14,3
798,12,1
906,7,2
748,17,3
504,5,2
943,10,5
192,17,5
16,5,3
755,13,4
195,14,2
596,6,3
886,3,3
591,15,3
103,15,3
554,5,4
963,10,3
828,11,4
868,11,4
470,7,3
661,15,4
725,8,1
124,10,5
234,9,2
409,1,2
599,4,5
479,16,4
825,15,2
771,7,4
695,9,2
562,1,2
619,14,5
340,17,1
975,16,2
22,3,4
789,9,4
266,4,1
667,5,3
568,2,2
39,17,2
17,10,4
156,12,3
988,6,3
787,11,5
18,12,5
292,11,2
11,6,3
834,11,5
757,3,3
234,3,4
604,9,2
849,2,5
749,11,2
7,4,5
220,13,2
87,6,3
778,15,3
65,16,1
471,14,5
74,8,1
132,14,5
429,10,3
501,10,2
350,5,4
34,9,1
897,14,4
674,13,1
112,11,1
547,4,1
789,2,1
989,13,2
976,3,1
604,9,3
519,15,3
6,4,2
999,12,3
128,12,2
193,2,3
369,12,3
601,13,5
227,12,4
900,6,3
488,8,3
43,17,2
125,14,2
231,12,2
308,15,2
898,16,2
405,2,5
691,11,5
618,10,5
405,3,5
637,12,1
836,12,1
260,17,3
295,4,4
770,11,2
558,12,2
88,10,1
1,9,1
13,5,4
47,6,4
277,4,3
629,6,1
92,15,1
999,16,1
94,2,3
876,12,1
863,9,2
256,15,2
641,6,4
139,15,4
607,6,1
419,3,4
418,10,4
274,17,1
175,12,1
11,11,3
3,15,3
537,14,4
62,5,1
63,10,2
664,17,3
767,16,2
116,11,4
328,5,5
960,4,1
141,11,3
75,11,3
785,7,1
521,3,4
359,7,3
94,12,1
188,13,4
875,17,2
226,4,4
660,17,5
96,10,5
874,10,3
975,7,3
479,5,1
270,15,1
773,4,4
129,15,5
434,11,3
774,17,5
116,1,5
198,1,2
567,6,2
684,13,1
700,7,5
597,11,1
223,4,5
571,1,2
106,17,4
129,5,3
348,4,4
813,9,5
440,7,5
265,1,5
190,5,4
902,6,1
250,12,4
59,6,3
147,17,3
381,13,5
943,5,5
730,6,1
58,16,2
36,13,1
831,6,3
130,13,5
844,10,5
458,7,2
375,17,4
537,4,1
453,3,4
4,10,3
377,5,3
239,2,1
686,15,4
844,10,3
391,2,2
224,17,5
48,8,3
606,14,1
307,1,4
441,6,2
676,4,4
416,5,2
206,5,4
573,1,3
387,12,2
133,16,3
752,3,3
503,14,2
599,15,2
890,12,4
847,12,5
998,9,5
67,10,2
390,8,3
467,14,3
179,14,4
859,2,2
982,13,3
115,12,5
80,2,4
822,4,1
199,16,2
38,2,1
718,10,3
766,4,4
980,14,1
435,1,5
284,8,3
824,10,1
947,10,1
897,14,4
755,6,1
705,13,4
501,2,5
166,15,2
34,3,1
309,14,2
468,1,2
864,6,1
536,14,5
234,9,4
868,3,1
324,5,2
524,3,4
645,12,5
766,11,2
395,10,5
883,15,4
984,10,4
634,9,5
267,15,5
957,3,1
703,7,5
547,5,5
304,13,5
146,1,5
869,8,2
894,11,4
731,9,1
905,9,1
120,1,1
858,1,3
190,10,5
156,2,4
988,15,4
763,5,4
788,5,3
740,11,1
75,16,2
372,11,1
381,7,2
248,10,2
43,5,4
512,1,5
17,6,2
377,9,5
84,6,2
987,15,2
220,11,1
521,16,3
498,12,5
250,5,1
126,10,3
338,2,1
933,9,3
583,2,4
776,5,1
489,3,5
47,2,3
303,17,4
640,10,2
466,6,1
824,3,4
718,2,5
138,3,3
69,15,5
261,4,3
710,9,3
804,14,3
615,16,3
805,3,3
998,9,3
442,7,5
105,15,5
64,14,1
394,3,4
858,10,1
450,2,2
45,16,4
525,10,5
606,1,4
80,1,5
672,17,4
468,1,2
252,17,4
294,17,2
89,4,4
336,7,1
928,6,5
21,12,2
272,16,3
46,17,5
449,13,3
27,1,4
247,3,2
447,16,4
306,15,1
704,16,3
490,14,3
792,17,5
216,14,4
730,5,5
271,5,1
352,17,4
424,16,1
513,7,4
188,11,3
886,8,3
356,2,3
648,11,1
165,13,3
446,11,1
612,12,3
868,6,2
905,12,3
873,13,2
18,10,2
528,2,1
923,12,2
422,7,1
451,8,1
40,9,5
793,8,4
3,5,5
141,15,5
729,17,3
733,6,4
686,5,3
69,11,2
113,1,3
164,4,2
119,4,4
763,4,3
865,17,5
470,12,1
72,13,1
470,8,4
444,6,1
604,10,5
666,5,2
740,16,4
795,17,3
338,12,2
371,17,5
709,14,2
354,7,4
756,13,1
820,13,1
53,4,2
992,5,1
65,9,3
498,14,4
496,14,5
934,3,4
340,2,3
544,13,4
464,16,2
268,13,2
534,16,3
226,13,3
821,14,4
71,4,5
772,8,2
739,15,3
603,8,5
243,6,3
366,10,2
665,14,4
691,15,2
54,6,5
355,1,1
562,14,5
903,8,3
636,12,2
943,14,4
374,10,3
932,9,5
581,1,4
552,5,2
997,9,5
664,6,5
184,14,5
345,4,5
377,6,1
42,3,5
203,17,3
549,10,4
905,14,3
113,6,1
751,3,4
871,5,5
800,8,2
947,5,3
13,12,5
956,9,4
413,13,4
616,15,2
368,13,4
179,2,1
839,5,1
183,14,4
329,4,3
608,11,4
203,13,1
154,9,5
941,2,4
92,11,1
860,17,2
472,4,4
190,4,2
25,10,5
956,2,3
766,13,4
85,8,4
165,15,1
222,5,1
893,11,5
329,4,4
191,7,4
443,15,3
885,11,3
273,11,4
458,16,3
650,15,5
160,4,2
366,16,3
779,15,4
740,2,2
283,14,5
403,12,3
885,5,2
732,15,1
940,3,1
548,15,5
32,17,3
470,11,3
364,14,4
83,2,4
828,5,4
631,6,3
376,16,5
65,13,3
167,13,5
788,2,4
618,14,4
181,13,1
341,5,5
351,13,3
461,14,2
331,14,3
248,13,3
927,15,1
506,8,1
719,2,3
556,1,3
329,15,1
951,8,2
173,10,2
786,8,4
599,1,5
242,8,3
9,1,1
139,2,5
150,6,5
861,3,3
552,12,4
77,7,5
56,5,2
320,3,2
293,11,2
302,2,1
778,8,1
583,6,5
748,15,5
634,6,2
400,2,3
375,6,4
312,11,2
952,6,5
875,5,3
323,9,2
4,6,1
747,5,4
188,2,3
772,7,2
854,2,1
378,5,3
875,3,5
463,9,5
358,13,2
123,4,4
17,13,5
971,2,5
105,9,2
648,11,4
142,2,3
747,9,5
654,5,1
51,9,4
825,1,3
537,15,4
867,15,4
483,2,4
954,14,4
578,1,3
679,2,2
732,5,3
289,2,3
305,2,5
407,9,2
624,7,3
358,17,2
35,11,4
816,9,4
40,4,4
919,11,2
397,1,3
322,13,3
227,16,3
822,12,5
525,1,2
714,7,4
752,14,5
685,17,5
124,5,5
836,4,3
390,15,3
889,9,5
361,10,5
121,1,3
46,5,4
980,12,5
901,12,2
80,8,3
94,12,4
77,14,2
402,15,4
455,9,2
882,9,4
930,6,4
16,12,1
363,8,4
612,13,1
744,3,4
468,16,1
241,8,1
298,15,1
199,15,5
921,8,4
248,9,3
90,3,4
656,5,3
14,1,4
206,12,4
116,16,3
507,1,1
972,1,1
430,15,5
855,3,1
704,5,4
873,15,4
117,7,3
604,10,2
987,5,5
986,13,1
798,17,5
529,4,4
347,1,5
316,5,3
675,14,5
835,14,4
226,11,5
732,16,3
7,11,4
305,5,5
321,15,3
203,1,1
895,6,5
970,6,4
232,17,3
763,13,2
791,15,5
376,6,4
452,6,2
890,8,5
411,9,1
851,9,3
83,8,3
96,17,2
68,4,3
218,5,5
796,12,1
741,17,5
461,1,5
813,4,4
345,14,3
413,14,3
272,17,3
904,12,1
662,13,3
563,6,2
90,16,4
23,15,4
29,3,3
158,3,4
660,12,1
776,17,2
906,16,4
821,7,1
118,1,3
775,13,5
448,9,5
294,8,1
354,13,3
18,14,4
296,7,4
24,12,1
98,10,2
704,16,5
567,2,5
687,5,5
849,11,3
307,15,5
891,8,5
239,2,3
755,17,5
320,17,4
934,1,1
106,1,2
70,11,1
28,6,4
788,17,5
17,17,2
96,14,5
160,13,2
815,9,5
297,5,2
59,3,1
359,11,2
444,2,4
397,2,4
786,14,2
795,7,4
121,11,5
13,17,5
351,11,5
183,3,4
475,10,2
891,12,5
784,15,5
103,6,2
561,9,1
572,5,1
844,1,2
979,4,1
524,2,1
520,1,5
353,1,5
978,8,3
346,9,3
403,11,1
500,12,2
828,8,2
408,6,1
361,5,2
253,10,2
423,6,2
591,11,2
123,16,4
47,1,2
574,3,2
863,12,2
253,16,5
874,15,5
854,6,3
324,1,5
913,12,3
341,9,1
976,9,4
73,10,4
487,16,2
853,16,5
582,12,1
488,8,1
459,8,3
85,1,4
843,3,2
55,2,4
792,11,2
398,16,3
505,1,1
37,12,2
775,4,1
959,9,3
313,4,2
50,7,5
447,5,2
196,12,3
340,11,4
618,2,1
330,6,3
382,3,2
465,11,5
970,15,1
413,7,3
765,8,2
453,15,2
48,9,4
910,2,5
231,9,4
252,7,1
104,7,1
468,8,5
784,14,5
662,7,2
696,1,3
21,10,4
784,1,2
350,15,5
513,7,5
36,11,5
286,6,5
689,2,1
924,7,2
347,1,3
183,11,3
117,7,2
341,8,2
234,16,2
845,11,5
572,8,5
218,7,5
405,2,5
755,7,2
232,6,4
721,4,5
657,15,5
567,9,3
792,7,5
135,4,1
277,5,3
283,4,5
606,6,5
747,10,3
33,12,1
888,7,3
721,6,3
921,10,4
516,15,5
324,2,4
496,11,3
858,1,5
891,5,1
288,11,5
608,16,3
734,7,1
106,15,2
434,15,2
712,13,4
36,17,3
472,15,3
36,10,3
371,17,3
88,9,2
451,17,2
730,13,2
72,7,3
555,14,1
625,13,1
919,3,5
581,2,4
27,3,4
310,16,2
511,13,4
317,16,4
457,11,2
261,5,1
343,1,3
394,13,4
198,9,3
287,4,5
261,15,2
618,15,4
957,10,4
246,7,1
583,10,2
948,14,4
577,17,3
499,11,1
135,1,1
583,8,2
482,4,3
742,17,5
179,8,1
668,6,5
505,3,1
650,11,5
552,10,3
735,15,4
566,9,1
712,9,2
646,1,5
848,1,4
208,8,1
102,15,2
165,1,3
751,11,5
937,9,5
541,16,4
33,16,2
763,15,2
905,15,2
288,10,4
327,16,2
278,15,5
159,5,1
756,13,2
289,13,5
372,8,5
55,6,5
218,16,5
944,6,3
949,15,2
225,6,1
765,16,1
299,16,3
196,5,2
342,17,1
1000,7,5
923,8,1
595,1,5
367,8,5
3,7,2
595,8,4
685,10,5
905,11,1
367,13,4
807,2,1
812,16,5
589,4,5
709,7,3
438,1,2
787,4,2
424,17,2
313,13,1
420,17,5
575,7,2
871,11,3
468,4,3
745,4,2
410,13,4
658,9,5
877,17,4
661,12,1
227,4,3
92,16,1
563,7,4
474,16,5
986,1,3
298,12,2
291,13,1
875,9,3
961,13,4
962,2,2
983,13,5
848,10,5
269,10,2
972,14,4
333,8,3
441,5,2
935,7,2
19,7,5
172,5,4
123,12,5
543,17,2
773,7,2
422,17,4
881,17,1
635,15,1
517,16,1
988,4,1
682,11,2
38,7,3
503,9,1
589,2,1
128,15,4
925,3,2
308,10,1
879,8,2
902,13,1
764,2,3
173,1,3
111,2,5
680,7,4
167,11,1
72,10,1
759,3,5
379,16,1
435,15,4
775,11,2
357,17,3
78,11,4
455,8,1
853,10,3
665,11,1
897,4,2
25,17,1
233,14,1
970,11,3
855,7,1
227,2,5
371,7,2
277,2,5
62,16,1
598,3,4
986,11,5
130,1,1
619,15,2
20,7,4
840,16,3
179,2,5
608,6,3
435,8,3
508,14,3
129,13,1
686,3,1
654,8,5
295,3,4
192,3,1
584,9,3
860,2,3
198,12,3
679,17,5
534,17,3
49,13,3
14,9,5
545,16,1
443,10,2
488,9,5
935,3,4
864,17,3
574,12,1
939,14,3
642,7,1
406,7,1
470,2,1
533,9,2
167,7,3
187,4,2
142,8,2
823,5,2
988,6,1
886,12,5
736,2,4
376,10,4
436,1,4
60,10,3
109,9,2
133,9,3
696,6,4
128,15,4
157,11,2
363,3,5
531,9,5
738,14,3
950,2,2
620,10,3
30,8,2
698,13,4
177,15,4
481,6,4
994,7,1
389,16,1
950,12,3
282,9,2
611,14,2
990,8,2
78,2,4
482,2,5
166,7,2
387,5,2
690,4,1
358,2,2
380,16,3
648,2,3
998,12,2
307,12,5
778,13,3
232,7,2
998,13,4
456,9,4
294,2,5
76,16,4
326,2,3
287,2,5
850,17,1
422,5,4
108,16,4
823,10,2
400,10,3
534,13,2
16,11,5
348,2,5
568,3,4
775,5,1
421,12,1
532,13,3
308,5,2
800,13,2
975,5,5
428,11,5
484,13,5
303,3,5
133,13,3
589,10,2
125,1,3
403,15,3
413,4,3
370,11,1
575,16,1
566,3,3
431,1,3
679,4,3
14,12,1
101,7,2
346,8,1
512,11,4
204,15,3
30,13,3
540,10,1
458,14,4
644,10,5
902,2,1
425,3,2
45,9,5
708,9,5
422,16,2
669,16,4
672,3,5
321,1,2
106,13,1
541,11,5
626,9,2
281,4,2
223,3,2
858,7,3
584,10,3
898,10,2
735,9,1
985,7,4
992,14,3
874,6,5
510,3,4
282,2,3
610,3,5
6,12,2
632,2,3
293,8,5
447,6,1
233,10,2
850,10,5
668,8,3
785,11,5
291,12,4
913,12,1
188,1,2
801,4,2
448,7,5
146,10,4
953,2,1
243,16,5
142,11,1
474,9,1
936,12,5
689,14,5
499,3,3
851,5,4
226,4,3
641,6,3
835,12,1
852,7,2
7,6,3
811,17,4
824,12,2
650,7,5
108,1,4
897,5,5
839,11,4
835,17,4
981,7,3
319,1,5
314,4,4
372,6,4
521,15,2
980,4,2
393,5,1
655,4,1
146,14,5
133,14,4
929,5,4
268,10,1
5,1,1
962,13,2
853,6,2
729,13,5
308,5,3
74,1,4
799,2,2
710,6,2
123,5,1
86,3,4
585,16,5
148,14,5
677,12,2
847,3,4
406,16,1
695,16,2
212,1,5
566,11,2
718,6,2
941,6,4
229,1,2
565,4,4
37,9,4
241,16,3
870,13,5
724,2,2
123,7,1
564,8,4
451,13,4
829,3,3
852,13,3
426,4,3
345,2,5
375,12,5
820,10,2
346,7,5
552,10,4
710,5,2
798,11,1
978,4,2
995,12,4
312,17,5
863,7,5
228,7,5
902,6,2
878,11,4
394,12,2
621,3,4
751,6,5
991,5,1
899,15,4
403,17,4
616,7,5
575,12,2
637,8,5
243,12,3
9,15,4
492,4,4
548,14,4
27,9,1
369,17,5
848,10,5
337,10,5
740,4,5
49,4,3
408,15,1
866,17,4
676,7,5
231,6,1
211,8,1
606,7,4
576,13,5
176,5,2
594,11,5
540,16,1
477,7,5
227,10,1
643,2,1
528,16,2
999,8,2
281,7,4
440,11,4
501,11,2
638,1,4
818,9,1
744,12,1
359,1,3
21,10,4
843,2,3
360,9,4
749,4,2
188,15,2
952,15,5
640,13,2
716,2,2
